Timestamp,Asset Name,Creator,Category,Cost,Direct Link
2026-09-20 03:01:53,chart-gd,binogure,2D Tools,MIT,https://godotengine.org/asset-library/asset/431
2026-09-20 03:01:53,Simple CRT Shader,henriquelalves,2D Tools,MIT,https://godotengine.org/asset-library/asset/38
2026-09-20 03:01:53,First Person Controller,citmen,Scripts,MIT,https://godotengine.org/asset-library/asset/58
2026-09-20 03:01:53,Polygonizer,timoschwarzer,2D Tools,MIT,https://godotengine.org/asset-library/asset/75
2026-09-20 03:01:53,Godot Simple Text Menu,henriquelalves,2D Tools,MIT,https://godotengine.org/asset-library/asset/39
2026-09-20 03:01:53,Terrain Editor,Zylann,3D Tools,MIT,https://godotengine.org/asset-library/asset/4
2026-09-20 03:01:53,Godot Text Interface Engine,henriquelalves,2D Tools,MIT,https://godotengine.org/asset-library/asset/26
2026-09-20 03:01:53,MatCap,arthuralk,Shaders,MIT,https://godotengine.org/asset-library/asset/51
2026-09-20 03:01:53,Godot TwiCIL (Legacy for 2.x),Dr_TwiSteD,Tools,MIT,https://godotengine.org/asset-library/asset/161
2026-09-20 03:01:53,MFPanel,mainman002,Tools,MIT,https://godotengine.org/asset-library/asset/191
2026-09-20 03:01:53,Trackball Camera,Goutte,3D Tools,MIT,https://godotengine.org/asset-library/asset/92
2026-09-20 03:01:53,MagicaVoxel Importer,Scayze,3D Tools,MIT,https://godotengine.org/asset-library/asset/77
2026-09-20 03:01:53,Kraken,Schweigert,Scripts,MIT,https://godotengine.org/asset-library/asset/152
2026-09-20 03:01:53,Batch .scn to .tscn,literalcitrus,Scripts,MIT,https://godotengine.org/asset-library/asset/155
2026-09-20 03:01:53,Godot Pomodoro Timer,literalcitrus,Tools,MIT,https://godotengine.org/asset-library/asset/106
2026-09-20 03:01:53,Tiled Map Importer,vnen,2D Tools,MIT,https://godotengine.org/asset-library/asset/25
2026-09-20 03:01:53,Dialog Tree Tool,StraToN,Tools,MIT,https://godotengine.org/asset-library/asset/70
2026-09-20 03:01:53,GodotHttpClient,rdcklinux,Scripts,MIT,https://godotengine.org/asset-library/asset/98
2026-09-20 03:01:53,Tilesethelper,puppetmaster,2D Tools,MIT,https://godotengine.org/asset-library/asset/9
2026-09-20 03:01:53,2D Dungeon Generator,halfwaywrong,2D Tools,MIT,https://godotengine.org/asset-library/asset/97
2026-09-20 03:01:53,1$ gesture recogniser and recorder,blurymind,2D Tools,MIT,https://godotengine.org/asset-library/asset/91
2026-09-20 03:01:53,Placeholder Search,lkokemohr,Tools,MIT,https://godotengine.org/asset-library/asset/90
2026-09-20 03:01:53,Version,rydm,Misc,MIT,https://godotengine.org/asset-library/asset/88
2026-09-20 03:01:53,Name generator,binogure,Scripts,MIT,https://godotengine.org/asset-library/asset/87
2026-09-20 03:01:53,Godot Data Editor,Stoeoeoe,Tools,MIT,https://godotengine.org/asset-library/asset/73
2026-09-20 03:01:53,Line Edit Plus,blurymind,Scripts,MIT,https://godotengine.org/asset-library/asset/85
2026-09-20 03:01:53,SoftNoise,perdugames,Scripts,MIT,https://godotengine.org/asset-library/asset/80
2026-09-20 03:01:53,Simple Wind Shader (Incl. Demo),Maujoe,Shaders,MIT,https://godotengine.org/asset-library/asset/74
2026-09-20 03:01:53,FontAwesome Icons,Geequlim,2D Tools,MIT,https://godotengine.org/asset-library/asset/72
2026-09-20 03:01:53,Vehicle Controller 2D,Tybobobo,Tools,MIT,https://godotengine.org/asset-library/asset/71
2026-09-20 03:01:53,TerrainEditorPainter,HumanSheeple,3D Tools,MIT,https://godotengine.org/asset-library/asset/68
2026-09-20 03:01:53,Animated Camera,x1212,3D Tools,MIT,https://godotengine.org/asset-library/asset/64
2026-09-20 03:01:53,Blackhole effect,Zylann,2D Tools,MIT,https://godotengine.org/asset-library/asset/63
2026-09-20 03:01:53,Rope,Vlabo,2D Tools,MIT,https://godotengine.org/asset-library/asset/62
2026-09-20 03:01:53,GodotNetworking,rdcklinux,Scripts,MIT,https://godotengine.org/asset-library/asset/61
2026-09-20 03:01:53,TODO List,need12648430,Tools,MIT,https://godotengine.org/asset-library/asset/53
2026-09-20 03:01:53,Nested Code Box,BBric,Scripts,MIT,https://godotengine.org/asset-library/asset/37
2026-09-20 03:01:53,Logger,Akien,Scripts,MIT,https://godotengine.org/asset-library/asset/2
2026-09-20 03:01:53,Godot Skybox Converter Plugin,NerdOfTheMountain,3D Tools,MIT,https://godotengine.org/asset-library/asset/12
2026-09-20 03:01:53,Wireframe Tool,GlaDOSik,3D Tools,MIT,https://godotengine.org/asset-library/asset/13
2026-09-20 03:01:53,MessDeform,RandomShaper,2D Tools,MIT,https://godotengine.org/asset-library/asset/16
2026-09-20 03:01:53,GodotMaze,landroo,2D Tools,MIT,https://godotengine.org/asset-library/asset/19
2026-09-20 03:01:53,Arc Dark theme,Geequlim,Misc,MIT,https://godotengine.org/asset-library/asset/20
2026-09-20 03:01:53,Aseprite import,eska,Tools,BSD-2-Clause,https://godotengine.org/asset-library/asset/21
2026-09-20 03:01:53,Fur shader demo 2,SuperUserNameMan,Shaders,MIT,https://godotengine.org/asset-library/asset/27
2026-09-20 03:01:53,Project Time Tracker,YeOldeDM,Misc,MIT,https://godotengine.org/asset-library/asset/30
2026-09-20 03:01:53,Ross's Project Timer,Ross,Tools,MIT,https://godotengine.org/asset-library/asset/31
2026-09-20 03:01:53,Godot Project Analytics,funabab,Tools,MIT,https://godotengine.org/asset-library/asset/32
2026-09-20 03:01:53,VR Mobile Camera,Lamberto,3D Tools,MIT,https://godotengine.org/asset-library/asset/35
2026-09-20 03:01:53,BorderedPolygon2D,arypbatista,2D Tools,MIT,https://godotengine.org/asset-library/asset/59
2026-09-20 03:01:53,Simple 2D Water Surface,khairul169,2D Tools,MIT,https://godotengine.org/asset-library/asset/40
2026-09-20 03:01:53,eco-fps-controller,Gokudomatic,Scripts,MIT,https://godotengine.org/asset-library/asset/41
2026-09-20 03:01:53,3D Water Surface,khairul169,3D Tools,MIT,https://godotengine.org/asset-library/asset/42
2026-09-20 03:01:53,Navigation Agent,khairul169,3D Tools,MIT,https://godotengine.org/asset-library/asset/43
2026-09-20 03:01:53,Atlas Importer,Geequlim,Tools,MIT,https://godotengine.org/asset-library/asset/44
2026-09-20 03:01:53,eco-state-machine,Gokudomatic,Scripts,MIT,https://godotengine.org/asset-library/asset/45
2026-09-20 03:01:53,TortoiseHg Mercurial Integration,lkokemohr,Tools,MIT,https://godotengine.org/asset-library/asset/46
2026-09-20 03:01:53,Arrows,lkokemohr,2D Tools,MIT,https://godotengine.org/asset-library/asset/47
2026-09-20 03:01:53,DigiVR,digitecnology,3D Tools,MIT,https://godotengine.org/asset-library/asset/49
2026-09-20 03:01:53,DigiVGamepad,digitecnology,Tools,MIT,https://godotengine.org/asset-library/asset/50
2026-09-20 03:01:53,eco-fps-walker,Gokudomatic,Scripts,MIT,https://godotengine.org/asset-library/asset/52
2026-09-20 03:01:53,Collision Path2D,Genete,2D Tools,MIT,https://godotengine.org/asset-library/asset/56
2026-09-20 03:01:53,On Screen Input,MarianoGNU,Tools,MIT,https://godotengine.org/asset-library/asset/57
