Timestamp,Asset Title,Creator,Direct Link
2026-09-20 03:01:53,"Free Pixel Art Character - The Mana Seed ""Farmer Sprite System""",Seliel the Shaper,https://seliel-the-shaper.itch.io/farmer-base
2026-09-20 03:01:53,FREE - Pixel Art Sidescroller Asset Pack 32x32 Overworld,GandalfHardcore,https://gandalfhardcore.itch.io/free-pixel-art-sidescroller-asset-pack-32x32-overworld
2026-09-20 03:01:53,Modern Interiors - RPG Tileset [16X16],LimeZu,https://limezu.itch.io/moderninteriors
2026-09-20 03:01:53,Tiny Swords,Pixel Frog,https://pixelfrog-assets.itch.io/tiny-swords
2026-09-20 03:01:53,Universal Animation Library,Quaternius,https://quaternius.itch.io/universal-animation-library
2026-09-20 03:01:53,Tiny RPG Character Asset Pack 01  V2.0,Zerie,https://zerie.itch.io/tiny-rpg-character-asset-pack
2026-09-20 03:01:53,KayKit - Character Pack : Adventurers,Kay Lousberg,https://kaylousberg.itch.io/kaykit-adventurers
2026-09-20 03:01:53,Tiny Farm RPG - Asset Pack [16x16],Maeve,https://maevedevs.itch.io/farm-rpg
2026-09-20 03:01:53,Sprout Lands - Asset Pack,Cup Nooble,https://cupnooble.itch.io/sprout-lands-asset-pack
2026-09-20 03:01:53,Universal Animation Library 2,Quaternius,https://quaternius.itch.io/universal-animation-library-2
2026-09-20 03:01:53,Stylized Nature MegaKit,Quaternius,https://quaternius.itch.io/stylized-nature-megakit
2026-09-20 03:01:53,[Music Assets] FREE Music Loop Bundle,Tallbeard Studios,https://tallbeard.itch.io/music-loop-bundle
2026-09-20 03:01:53,Universal Base Characters,Quaternius,https://quaternius.itch.io/universal-base-characters
2026-09-20 03:01:53,UI User Interface MEGA PACK,ToffeeCraft,https://toffeecraft.itch.io/ui-user-interface-mega-pack
2026-09-20 03:01:53,KayKit - Forest Nature Pack,Kay Lousberg,https://kaylousberg.itch.io/kaykit-forest
2026-09-20 03:01:53,Medieval Village MegaKit,Quaternius,https://quaternius.itch.io/medieval-village-megakit
2026-09-20 03:01:53,Cute Fantasy RPG - 16x16 top down pixel art asset pack,Kenmi,https://kenmi-art.itch.io/cute-fantasy-rpg
2026-09-20 03:01:53,Cat Pack - Mochi,ToffeeCraft,https://toffeecraft.itch.io/cat-pack
2026-09-20 03:01:53,Forest Nature Pack,ToffeeCraft,https://toffeecraft.itch.io/forest-nature-pack
2026-09-20 03:01:53,KayKit - Dungeon Pack,Kay Lousberg,https://kaylousberg.itch.io/kaykit-dungeon-pack
2026-09-20 03:01:53,Pixel Adventure,Pixel Frog,https://pixelfrog-assets.itch.io/pixel-adventure-1
2026-09-20 03:01:53,Free - Pixel Art Asset Pack - Topdown Tileset - 16x16 Sprites,Anokolisa,https://anokolisa.itch.io/free-pixel-art-asset-pack-topdown-tileset-rpg-16x16-sprites
2026-09-20 03:01:53,KayKit - Medieval Hexagon Pack,Kay Lousberg,https://kaylousberg.itch.io/kaykit-medieval-hexagon
2026-09-20 03:01:53,Brackeys' Platformer Bundle,Brackeys,https://brackeysgames.itch.io/brackeys-platformer-bundle
2026-09-20 03:01:53,Ninja Adventure - Asset Pack,pixel-boyVerified Account,https://pixel-boy.itch.io/ninja-adventure-asset-pack
2026-09-20 03:01:53,"8000+ Raven Fantasy Icons - RPG Icons, Pixel Art Icons, Textures and Sprites",Clockwork Raven,https://clockworkraven.itch.io/raven-fantasy-icons
2026-09-20 03:01:53,Super Pixel Effects Gigapack,unTied Games,https://untiedgames.itch.io/super-pixel-effects-gigapack
2026-09-20 03:01:53,"Free Pixel Art Character - The Mana Seed ""Character Base""",Seliel the Shaper,https://seliel-the-shaper.itch.io/character-base
2026-09-20 03:01:53,Pixel Art Top Down - Basic,Cainos,https://cainos.itch.io/pixel-art-top-down-basic
2026-09-20 03:01:53,2D Pixel Dungeon Asset Pack,Pixel_Poem,https://pixel-poem.itch.io/dungeon-assetpuck
2026-09-20 03:01:53,Sunnyside World,danieldiggle,https://danieldiggle.itch.io/sunnyside
2026-09-20 03:01:53,Platformer character pack,Merakintsugi,https://merakintsugi.itch.io/platformer-character-pack
2026-09-20 03:01:53,Basic Pixel Health bar and Scroll bar,BDragon1727,https://bdragon1727.itch.io/basic-pixel-health-bar-and-scroll-bar
2026-09-20 03:01:53,KayKit - Character Pack : Skeletons,Kay Lousberg,https://kaylousberg.itch.io/kaykit-skeletons
2026-09-20 03:01:53,Tiny RPG Character Asset Pack 02,Zerie,https://zerie.itch.io/tiny-rpg-character-asset-pack-02
2026-09-20 03:01:53,Farming Pack,GifVerified Account,https://farm-animal.itch.io/farm
2026-09-20 03:01:53,Sprout Lands - UI Pack,Cup Nooble,https://cupnooble.itch.io/sprout-lands-ui-pack
2026-09-20 03:01:53,m5x7,Daniel LinssenVerified Account,https://managore.itch.io/m5x7
2026-09-20 03:01:53,KayKit - Character Animations,Kay Lousberg,https://kaylousberg.itch.io/kaykit-character-animations
2026-09-20 03:01:53,Mossy Cavern,Maaot,https://maaot.itch.io/mossy-cavern
2026-09-20 03:01:53,Modular Character Outfits - Fantasy,Quaternius,https://quaternius.itch.io/modular-character-outfits-fantasy
2026-09-20 03:01:53,Samurai 2D Pixel Art,Mattz Art,https://xzany.itch.io/samurai-2d-pixel-art
2026-09-20 03:01:53,KayKit : Furniture Bits,Kay Lousberg,https://kaylousberg.itch.io/furniture-bits
2026-09-20 03:01:53,16x16 DungeonTileset II,0x72,https://0x72.itch.io/dungeontileset-ii
2026-09-20 03:01:53,Pixel Planet Generator,Deep-Fold,https://deep-fold.itch.io/pixel-planet-generator
2026-09-20 03:01:53,KayKit - Platformer Pack,Kay Lousberg,https://kaylousberg.itch.io/kaykit-platformer
2026-09-20 03:01:53,"Complete UI Essential Pack [Aseprite, Spritesheet]",Crusenho,https://crusenho.itch.io/complete-ui-essential-pack
2026-09-20 03:01:53,KayKit : Resource Bits,Kay Lousberg,https://kaylousberg.itch.io/resource-bits
2026-09-20 03:01:53,Lords Of Pain - Old School Isometric Assets,Pupkin Assets,https://trevor-pupkin.itch.io/lords-of-pain
2026-09-20 03:01:53,Multi Platformer Tileset,Shackhal,https://shackhal.itch.io/multi-platformer-tileset
2026-09-20 03:01:53,Ansimuz Legacy Collection,ansimuzVerified Account,https://ansimuz.itch.io/gothicvania-patreon-collection
2026-09-20 03:01:53,Cat Pack - Pochi,ToffeeCraft,https://toffeecraft.itch.io/cat-retro
2026-09-20 03:01:53,Character Templates Pack,ErisEsra(),https://erisesra.itch.io/character-templates-pack
2026-09-20 03:01:53,Super Asset Bundle #5 : Mini Pocket Status,Humble Pixel,https://humblepixel.itch.io/super-asset-bundle-5-mini-pocket-status
2026-09-20 03:01:53,KayKit : Halloween Bits,Kay Lousberg,https://kaylousberg.itch.io/halloween-bits
2026-09-20 03:01:53,KayKit : City Builder Bits,Kay Lousberg,https://kaylousberg.itch.io/city-builder-bits
2026-09-20 03:01:53,Characters PSX,Elbolilloduro,https://elbolilloduro.itch.io/characters-psx
2026-09-20 03:01:53,monogram,datagoblin,https://datagoblin.itch.io/monogram
2026-09-20 03:01:53,Free - Pixel Art Asset Pack - Sidescroller Fantasy - 16x16 Forest Sprites,Anokolisa,https://anokolisa.itch.io/sidescroller-pixelart-sprites-asset-pack-forest-16x16
2026-09-20 03:01:53,KayKit : RPG Tools Bits,Kay Lousberg,https://kaylousberg.itch.io/rpg-tools-bits
2026-09-20 03:01:53,UI User Interface Pack - Medieval - Mega Version,ToffeeCraft,https://toffeecraft.itch.io/ui-user-interface-pack-medieval
2026-09-20 03:01:53,The adventurer - Female,Sscary,https://sscary.itch.io/the-adventurer-female
2026-09-20 03:01:53,Character Creator 2D - Modern,SmallScaleInt,https://smallscaleint.itch.io/character-creator-2d-modern
2026-09-20 03:01:53,FREE - 2D Pixel Art Male and Female Character - Sidescroller,GandalfHardcore,https://gandalfhardcore.itch.io/2d-pixel-art-male-and-female-character
2026-09-20 03:01:53,Free 16x16 Mini World Sprites,Shade,https://merchant-shade.itch.io/16x16-mini-world-sprites
2026-09-20 03:01:53,Free Fantasy 200 SFX Pack,TomMusic,https://tommusic.itch.io/free-fantasy-200-sfx-pack
2026-09-20 03:01:53,32rogues,Seth,https://sethbb.itch.io/32rogues
2026-09-20 03:01:53,Modular Sci-Fi MegaKit,Quaternius,https://quaternius.itch.io/modular-sci-fi-megakit
2026-09-20 03:01:53,Pixel Plains - Top-Down Asset Pack (Seasons Update),SnowHex 🌱,https://snowhex.itch.io/pixel-plains
2026-09-20 03:01:53,Free - Hero's Journey - Moon Graveyard,Anokolisa,https://anokolisa.itch.io/moon-graveyard
2026-09-20 03:01:53,Adventurer 2D Top-Down,Mattz Art,https://xzany.itch.io/top-down-adventurer-character
2026-09-20 03:01:53,Items pack (x16),Glionox,https://glionox.itch.io/items16
2026-09-20 03:01:53,Fantasy Knight - Free Pixelart Animated Character,aamatniekss,https://aamatniekss.itch.io/fantasy-knight-free-pixelart-animated-character
2026-09-20 03:01:53,Fantasy Props MegaKit,Quaternius,https://quaternius.itch.io/fantasy-props-megakit
2026-09-20 03:01:53,FilmCow Royalty Free Sound Effects Library,FilmCow,https://filmcow.itch.io/filmcow-sfx
2026-09-20 03:01:53,750 Effect and FX Pixel All,BDragon1727,https://bdragon1727.itch.io/750-effect-and-fx-pixel-all
2026-09-20 03:01:53,KayKit : Space Base Bits,Kay Lousberg,https://kaylousberg.itch.io/space-base-bits
2026-09-20 03:01:53,500+ Character Voice Audio Files!,Dillon Becker,https://dillonbecker.itch.io/sdap
2026-09-20 03:01:53,Tiny Texture Pack 2,Screaming Brain Studios,https://screamingbrainstudios.itch.io/tiny-texture-pack-2
2026-09-20 03:01:53,Cat Mega Bundle,ToffeeCraft,https://toffeecraft.itch.io/cat-mega-bundle
2026-09-20 03:01:53,Horror Sound Effects,YourPalRob,https://yourpalrob.itch.io/must-have-horror-sound-effects
2026-09-20 03:01:53,Urizen 1Bit Tileset - 5500+ free 12x12 tiles,vurmux,https://vurmux.itch.io/urizen-onebit-tileset
2026-09-20 03:01:53,2D Action and Adventure Tutorial Assets,Michael Games,https://michaelgames.itch.io/2d-action-adventure-rpg-assets
2026-09-20 03:01:53,KayKit : Prototype Bits,Kay Lousberg,https://kaylousberg.itch.io/prototype-bits
2026-09-20 03:01:53,Free Pixel Effects Pack,CodeManu,https://codemanu.itch.io/pixelart-effect-pack
2026-09-20 03:01:53,Cozy Fishing,shubibubi,https://shubibubi.itch.io/cozy-fishing
2026-09-20 03:01:53,KayKit : Restaurant Bits,Kay Lousberg,https://kaylousberg.itch.io/restaurant-bits
2026-09-20 03:01:53,Action Platformer Character Animation Template,Ozzbit Games,https://ozzbit-games.itch.io/action-platformer-character-template
2026-09-20 03:01:53,Free Sky Backgrounds,"Free Game Assets (GUI, Sprite, Tilesets)",https://free-game-assets.itch.io/free-sky-with-clouds-background-pixel-art-set
2026-09-20 03:01:53,Top-Down Retro Interior (Pixel Art),Penzilla,https://penzilla.itch.io/top-down-retro-interior
2026-09-20 03:01:53,Free Icon Pack,gvesster,https://gvesster.itch.io/free-icon-pack
2026-09-20 03:01:53,UI User Interface Pack - Medieval,ToffeeCraft,https://toffeecraft.itch.io/ui-user-interface-medieval
2026-09-20 03:01:53,Fantasy Character Animation Action Platformer,Ozzbit Games,https://ozzbit-games.itch.io/fantasy-character
2026-09-20 03:01:53,FREE Pixel Combat SFX,Helton Yan,https://heltonyan.itch.io/pixelcombat
2026-09-20 03:01:53,[SFX] Ultimate UI Sound Effect Pack,JDSherbert,https://jdsherbert.itch.io/ultimate-ui-sfx-pack
2026-09-20 03:01:53,"Silver, a font for games",Poppy Works,https://poppyworks.itch.io/silver
2026-09-20 03:01:53,Free Music Pack,𝚌𝚕𝚎𝚖𝚎𝚗𝚝𝚙𝚊𝚗𝚌𝚑𝚘𝚞𝚝,https://clement-panchout.itch.io/yet-another-free-music-pack
2026-09-20 03:01:53,Pocket Inventory Series #5 : Player Status,Humble Pixel,https://humblepixel.itch.io/pocket-inventory-series-5-player-status
2026-09-20 03:01:53,Free Pixel foods,ghostpixxells,https://ghostpixxells.itch.io/pixelfood
2026-09-20 03:01:53,Cat Pixel Mega Pack,ToffeeCraft,https://toffeecraft.itch.io/cat-pixel-mega-pack
2026-09-20 03:01:53,KayKit : Block Bits,Kay Lousberg,https://kaylousberg.itch.io/block-bits
2026-09-20 03:01:53,Pixel Fantasy Caves,Szadi art.,https://szadiart.itch.io/pixel-fantasy-caves
2026-09-20 03:01:53,Voxel environment assets : Desert town,monogon,https://maxparata.itch.io/voxel-desert-town
2026-09-20 03:01:53,Industrial Tileset,Atomic Realm,https://atomicrealm.itch.io/industrial-tileset
2026-09-20 03:01:53,KayKit : Fantasy Weapons Bits,Kay Lousberg,https://kaylousberg.itch.io/fantasy-weapons-bits
2026-09-20 03:01:53,HD 8-Directional top-down character pack 1,SmallScaleInt,https://smallscaleint.itch.io/hd-8-directional-top-down-character-pack-1
2026-09-20 03:01:53,"Free Platformer - Retro Lines - 16x16 Assets Tileset (CC0, Free)",VEXED,https://v3x3d.itch.io/retro-lines
2026-09-20 03:01:53,fourSeasonsPlatformer_ [tileset],Kevin's Mom's House,https://kevins-moms-house.itch.io/four-seasons-platformer-tileset
2026-09-20 03:01:53,Monster Asset Pack [16x16],DeepDiveGameStudio,https://deepdivegamestudio.itch.io/monsterassetpack
2026-09-20 03:01:53,Free Smoke Fx Pixel 2,BDragon1727,https://bdragon1727.itch.io/free-smoke-fx-pixel-2
2026-09-20 03:01:53,2D Pixel Art - Isometric Blocks - Free Sprites,Devil’s Workshop,https://devilsworkshop.itch.io/big-pixel-isometric-block-pack-free-2d-sprites
2026-09-20 03:01:53,SunnyLand - Pixel Game Art Assets Pack,ansimuzVerified Account,https://ansimuz.itch.io/sunny-land-pixel-game-art
2026-09-20 03:01:53,m6x11,Daniel LinssenVerified Account,https://managore.itch.io/m6x11
2026-09-20 03:01:53,DUNGEON.mode,datagoblin,https://datagoblin.itch.io/dungeonmode
2026-09-20 03:01:53,32 x 32 Pixel Isometric Tiles,scrabling,https://scrabling.itch.io/pixel-isometric-tiles
2026-09-20 03:01:53,Voxel Robot assets for free,monogon,https://maxparata.itch.io/voxel-mechas
2026-09-20 03:01:53,Pixel Spaces - 2D Room/City Building Full Pack,Netherzapdos,https://netherzapdos.itch.io/pixel-spaces
2026-09-20 03:01:53,Retro Tree Pack,🍕 Pizza  Doggy,https://pizzadoggy.itch.io/retro-tree-pack
2026-09-20 03:01:53,1050 RPG Effects 64x64,BDragon1727,https://bdragon1727.itch.io/1050-rpg-effects-64x64
2026-09-20 03:01:53,Pet Mobile Pixel Asset Pack,ToffeeCraft,https://toffeecraft.itch.io/pet-virtual-mobile-pixel-asset
2026-09-20 03:01:53,Free 3D Modular Low Poly Assets For Prototyping,RGS_Dev,https://rgsdev.itch.io/free-3d-modular-low-poly-assets-for-prototyping-by-rgsdev
2026-09-20 03:01:53,Pixel Space Background Generator,Deep-Fold,https://deep-fold.itch.io/space-background-generator
2026-09-20 03:01:53,400 Sounds Pack,Chequered InkVerified Account,https://ci.itch.io/400-sounds-pack
2026-09-20 03:01:53,Classic64 Lowpoly Asset Library,craigsnedeker,https://craigsnedeker.itch.io/classic64-asset-library
2026-09-20 03:01:53,Free Pixel Food!,Henry Software,https://henrysoftware.itch.io/pixel-food
2026-09-20 03:01:53,Downtown City MegaKit,Quaternius,https://quaternius.itch.io/downtown-city-megakit
2026-09-20 03:01:53,Free - Adventure Pack - Grassland,Anokolisa,https://anokolisa.itch.io/basic-140-tiles-grassland-and-mines
2026-09-20 03:01:53,Mystic Woods - 16x16 Pixel Art Asset Pack,Game Endeavor,https://game-endeavor.itch.io/mystic-woods
2026-09-20 03:01:53,KayKit - Mixed Bag 1,Kay Lousberg,https://kaylousberg.itch.io/mixed-bag-1
2026-09-20 03:01:53,PSX Style Cars,GGBotNet,https://ggbot.itch.io/psx-style-cars
2026-09-20 03:01:53,Tiny Wonder Farm Asset Pack,Butter Milk,https://butterymilk.itch.io/tiny-wonder-farm-asset-pack
2026-09-20 03:01:53,Free Pixel Art Forest,edermunizz,https://edermunizz.itch.io/free-pixel-art-forest
2026-09-20 03:01:53,Free Pixel Art Tileset - Summer Forest,Seliel the Shaper,https://seliel-the-shaper.itch.io/summer-forest
2026-09-20 03:01:53,Paquete de modelos  psx 3,Elbolilloduro,https://elbolilloduro.itch.io/paquete-de-modelos-psx-3
2026-09-20 03:01:53,Explosion Animations Pack,ansimuzVerified Account,https://ansimuz.itch.io/explosion-animations-pack
2026-09-20 03:01:53,Cat 2D Pixel Art,Mattz Art,https://xzany.itch.io/cat-2d-pixel-art
2026-09-20 03:01:53,Texture Pack by Lynocs,Lynocs,https://lynocs.itch.io/texture-pack
2026-09-20 03:01:53,Warrior-Free Animation set V1.3,Clembod,https://clembod.itch.io/warrior-free-animation-set
2026-09-20 03:01:53,Tiny Texture Pack 1,Screaming Brain Studios,https://screamingbrainstudios.itch.io/tiny-texture-pack
2026-09-20 03:01:53,Epic RPG World Pack - [FREE Demo]Ancient Ruins,RafaelMatosVerified Account,https://rafaelmatos.itch.io/epic-rpg-world-pack-free-demo-ancient-ruins-asset-tileset
2026-09-20 03:01:53,2D SL Character,Szadi art.,https://szadiart.itch.io/2d-soulslike-character
2026-09-20 03:01:53,Synth Cities Environment,ansimuzVerified Account,https://ansimuz.itch.io/cyberpunk-street-environment
2026-09-20 03:01:53,UI User Interface Mini Medieval Fantasy Pack,ToffeeCraft,https://toffeecraft.itch.io/ui-user-interface-mini-medieval-fantasy-pack
2026-09-20 03:01:53,16x16 Industrial Tileset,0x72,https://0x72.itch.io/16x16-industrial-tileset
2026-09-20 03:01:53,Post-Apocalypse Pixel Art - Asset Pack,TheLazyStone,https://thelazystone.itch.io/post-apocalypse-pixel-art-asset-pack
2026-09-20 03:01:53,Pixelart Forest Top-Down RPG Asset Pack v2,zedpxl,https://zedpxl.itch.io/pixelart-forest-asset-pack
2026-09-20 03:01:53,Shikashi's Fantasy Icons Pack (FREE),shikashipx,https://shikashipx.itch.io/shikashis-fantasy-icons-pack
2026-09-20 03:01:53,Controller & Keyboard Icons,Vryell,https://vryell.itch.io/controller-keyboard-icons
2026-09-20 03:01:53,Free UI Hologram Interface,Wenrexa,https://wenrexa.itch.io/holoui
2026-09-20 03:01:53,Free Swamp 2D Tileset Pixel Art,"Free Game Assets (GUI, Sprite, Tilesets)",https://free-game-assets.itch.io/free-swamp-2d-tileset-pixel-art
2026-09-20 03:01:53,Modular Village Pack,Keith at Fertile Soil Productions,https://fertile-soil-productions.itch.io/modular-village-pack
2026-09-20 03:01:53,Post-Apocalyptic World,Atomic Realm,https://atomicrealm.itch.io/post-apocalyptic-world
2026-09-20 03:01:53,Pixel Art App Icons,Reff Pixels,https://reffpixels.itch.io/appicons
2026-09-20 03:01:53,Fire Pixel Bullet 16x16,BDragon1727,https://bdragon1727.itch.io/fire-pixel-bullet-16x16
2026-09-20 03:01:53,Mine Tileset,Atomic Realm,https://atomicrealm.itch.io/mine-tileset
2026-09-20 03:01:53,Anime Backgrounds,NoranekoGames,https://noranekogames.itch.io/yumebackground
2026-09-20 03:01:53,"Complete UI Book Styles Pack [Aseprite, Spritesheet]",Crusenho,https://crusenho.itch.io/complete-ui-book-styles-pack
2026-09-20 03:01:53,Horror Texture Pack,Screaming Brain Studios,https://screamingbrainstudios.itch.io/horror-texture-pack
2026-09-20 03:01:53,Rogue Fantasy Catacombs,Szadi art.,https://szadiart.itch.io/rogue-fantasy-catacombs
2026-09-20 03:01:53,Mountain Dusk Parallax background,ansimuzVerified Account,https://ansimuz.itch.io/mountain-dusk-parallax-background
2026-09-20 03:01:53,Sci-Fi Essentials Kit,Quaternius,https://quaternius.itch.io/sci-fi-essentials-kit
2026-09-20 03:01:53,(Legacy) KayKit - Medieval Builder Pack,Kay Lousberg,https://kaylousberg.itch.io/kaykit-medieval-builder-pack
2026-09-20 03:01:53,Dark Spell Effect,pimen,https://pimen.itch.io/dark-spell-effect
2026-09-20 03:01:53,Game Icon Pack,Nieobie,https://nieobie.itch.io/free-icons
2026-09-20 03:01:53,FREE - Knight 2D Pixel Art,Mattz Art,https://xzany.itch.io/free-knight-2d-pixel-art
2026-09-20 03:01:53,BoldPixels - Free Retro Font,Yūki💫,https://yukipixels.itch.io/boldpixels
2026-09-20 03:01:53,High Quality 16-bit RPG Music,HydroGene,https://hydrogene.itch.io/high-quality-16-bit-music
2026-09-20 03:01:53,Forest Monsters 2D Pixel Art,MonoPixelArt,https://monopixelart.itch.io/forest-monsters-pixel-art
2026-09-20 03:01:53,Dungeon Gathering - Under The Castle Set + Updates,SnowHex 🌱,https://snowhex.itch.io/dungeon-gathering
2026-09-20 03:01:53,FREE - 2D Pixel Art Archer Character - Sidescroller,GandalfHardcore,https://gandalfhardcore.itch.io/pixel-art-archer-character
2026-09-20 03:01:53,Glacial Mountains: Parallax Background,vnitti,https://vnitti.itch.io/glacial-mountains-parallax-background
2026-09-20 03:01:53,Modular Roads,Atomic Realm,https://atomicrealm.itch.io/modular-roads
2026-09-20 03:01:53,Little Dreamyland - Cute RPG Farm Pack,Starmixu,https://starmixu.itch.io/little-dreamyland-asset-pack
2026-09-20 03:01:53,Low Poly Human Mesh,Comp-3 Interactive,https://comp3interactive.itch.io/low-poly-human-mesh
2026-09-20 03:01:53,PSX style urban stacked pack,valsekamerplant,https://valsekamerplant.itch.io/psx-style-urban-stacked-pack
2026-09-20 03:01:53,Serene Village - revamped - RPG Tileset [16x16],LimeZu,https://limezu.itch.io/serenevillagerevamped
2026-09-20 03:01:53,Fire Spell Effect 02,pimen,https://pimen.itch.io/fire-spell-effect-02
2026-09-20 03:01:53,32x32 Pixel kittens Cats - Animated NPC,Last tick,https://last-tick.itch.io/animated-pixel-kittens-cats-32x32
2026-09-20 03:01:53,[Music Assets]  FREE Chiptune Music Loops,Tallbeard Studios,https://tallbeard.itch.io/three-red-hearts-prepare-to-dev
2026-09-20 03:01:53,Free Pixel Art Tileset - Gentle Forest,Seliel the Shaper,https://seliel-the-shaper.itch.io/gentle-forest
