Timestamp,Asset Title,Platform Tag,Direct Link
2026-09-27 03:17:36,Universal Animation Library,Unreal Engine Compatible,https://quaternius.itch.io/universal-animation-library
2026-09-27 03:17:36,Universal Animation Library 2,Unreal Engine Compatible,https://quaternius.itch.io/universal-animation-library-2
2026-09-27 03:17:36,Stylized Nature MegaKit,Unreal Engine Compatible,https://quaternius.itch.io/stylized-nature-megakit
2026-09-27 03:17:36,Universal Base Characters,Unreal Engine Compatible,https://quaternius.itch.io/universal-base-characters
2026-09-27 03:17:36,Medieval Village MegaKit,Unreal Engine Compatible,https://quaternius.itch.io/medieval-village-megakit
2026-09-27 03:17:36,Fantasy Props MegaKit,Unreal Engine Compatible,https://quaternius.itch.io/fantasy-props-megakit
2026-09-27 03:17:36,Modular Sci-Fi MegaKit,Unreal Engine Compatible,https://quaternius.itch.io/modular-sci-fi-megakit
2026-09-27 03:17:36,Voxel environment assets : Desert town,Unreal Engine Compatible,https://maxparata.itch.io/voxel-desert-town
2026-09-27 03:17:36,Characters PSX,Unreal Engine Compatible,https://elbolilloduro.itch.io/characters-psx
2026-09-27 03:17:36,Voxel Robot assets for free,Unreal Engine Compatible,https://maxparata.itch.io/voxel-mechas
2026-09-27 03:17:36,Sci-Fi Essentials Kit,Unreal Engine Compatible,https://quaternius.itch.io/sci-fi-essentials-kit
2026-09-27 03:17:36,Free 3D Modular Low Poly Assets For Prototyping,Unreal Engine Compatible,https://rgsdev.itch.io/free-3d-modular-low-poly-assets-for-prototyping-by-rgsdev
2026-09-27 03:17:36,Paquete de modelos  psx 3,Unreal Engine Compatible,https://elbolilloduro.itch.io/paquete-de-modelos-psx-3
2026-09-27 03:17:36,Isometric Cyberpunk City - monogon,Unreal Engine Compatible,https://maxparata.itch.io/isocyberpunkcity-monogon
2026-09-27 03:17:36,Retro PSX Style Tree Pack,Unreal Engine Compatible,https://elegantcrow.itch.io/psx-retro-style-tree-pack
2026-09-27 03:17:36,Voxel Cyberpunk City - monogon,Unreal Engine Compatible,https://maxparata.itch.io/cyberpunkcity-monogon
2026-09-27 03:17:36,Voxel Plane assets,Unreal Engine Compatible,https://maxparata.itch.io/voxel-plane
2026-09-27 03:17:36,Isometric Zombie Apocalypse - monogon,Unreal Engine Compatible,https://maxparata.itch.io/isometriczombieapocalypse-monogon
2026-09-27 03:17:36,[BGM] Ambiences Music Pack,Unreal Engine Compatible,https://jdsherbert.itch.io/ambiences-music-pack
2026-09-27 03:17:36,10+ Voxel Spaceships assets for free,Unreal Engine Compatible,https://maxparata.itch.io/voxel-spaceships
2026-09-27 03:17:36,Voxel Dungeon Crawler - monogon,Unreal Engine Compatible,https://maxparata.itch.io/monogon-dungeon
2026-09-27 03:17:36,Paquete de modelos low poly estilo psx 2,Unreal Engine Compatible,https://elbolilloduro.itch.io/paquete-de-modelos-low-poly-estilo-psx-2
2026-09-27 03:17:36,Isometric Dungeon Crawler - monogon,Unreal Engine Compatible,https://maxparata.itch.io/monogon-isometricdungeon
2026-09-27 03:17:36,Voxel Nature Pack : Rocky Mountains,Unreal Engine Compatible,https://maxparata.itch.io/rocky-mountains
2026-09-27 03:17:36,Retro PSX Nature Pack,Unreal Engine Compatible,https://elegantcrow.itch.io/retro-psx-nature-pack
2026-09-27 03:17:36,Voxel Medieval Town - monogon,Unreal Engine Compatible,https://maxparata.itch.io/medievaltown-monogon
2026-09-27 03:17:36,Voxel Environment : Counrty Side,Unreal Engine Compatible,https://maxparata.itch.io/counrty-side
2026-09-27 03:17:36,Voxel Space Colony - monogon,Unreal Engine Compatible,https://maxparata.itch.io/voxelspacecolony
2026-09-27 03:17:36,Voxel Dark Souls Gothic - monogon,Unreal Engine Compatible,https://maxparata.itch.io/darksoulsgothic-monogon
2026-09-27 03:17:36,Guns Asset Pack,Unreal Engine Compatible,https://styloo.itch.io/guns-asset-pack
2026-09-27 03:17:36,Abandoned House,Unreal Engine Compatible,https://elbolilloduro.itch.io/abandoned-house
2026-09-27 03:17:36,FREE Input Prompts Pack - Icons for PC and Consoles for Unreal Engine or Unity,Unreal Engine Compatible,https://juliocacko.itch.io/free-input-prompts
2026-09-27 03:17:36,Sewers,Unreal Engine Compatible,https://elbolilloduro.itch.io/sewers
2026-09-27 03:17:36,School Classrooms Asset Pack,Unreal Engine Compatible,https://styloo.itch.io/classroom-asset-pack
2026-09-27 03:17:36,Chibi Characters,Unreal Engine Compatible,https://styloo.itch.io/chibi
2026-09-27 03:17:36,Voxel dungeon crawler environment assets : Desert,Unreal Engine Compatible,https://maxparata.itch.io/tinyvoxeldungeon
2026-09-27 03:17:36,Low Poly Household Items Pack,Unreal Engine Compatible,https://lowpolyassets.itch.io/low-poly-household-item-pack
2026-09-27 03:17:36,Voxel Pirates and Ships - monogon,Unreal Engine Compatible,https://maxparata.itch.io/voxelpirates-monogon
2026-09-27 03:17:36,Metro,Unreal Engine Compatible,https://elbolilloduro.itch.io/metro
2026-09-27 03:17:36,Free Voxel Graveyard Asset,Unreal Engine Compatible,https://maxparata.itch.io/voxelgraveyard
2026-09-27 03:17:36,Gas station,Unreal Engine Compatible,https://elbolilloduro.itch.io/gas-station
2026-09-27 03:17:36,House,Unreal Engine Compatible,https://elbolilloduro.itch.io/house
2026-09-27 03:17:36,Free Voxel Dystopian Characters,Unreal Engine Compatible,https://maxparata.itch.io/voxel-dystopian-characters
2026-09-27 03:17:36,Buildings,Unreal Engine Compatible,https://elbolilloduro.itch.io/buildings
2026-09-27 03:17:36,Voxel Ancient Environment assets for free,Unreal Engine Compatible,https://maxparata.itch.io/voxel-ancient-environment
2026-09-27 03:17:36,Random Objects,Unreal Engine Compatible,https://styloo.itch.io/random
2026-09-27 03:17:36,Voxel Hover Bike Assets,Unreal Engine Compatible,https://maxparata.itch.io/hover-bike
2026-09-27 03:17:36,Trailer Park,Unreal Engine Compatible,https://elbolilloduro.itch.io/trailer-park
2026-09-27 03:17:36,Simple Character PSX Asset,Unreal Engine Compatible,https://jashi-psx.itch.io/simple-character-psx-asset
2026-09-27 03:17:36,Objects_Interior(Village)_Alpha,Unreal Engine Compatible,https://elbolilloduro.itch.io/objects-interiorvillage-alpha
2026-09-27 03:17:36,Retro Psx Street Furniture,Unreal Engine Compatible,https://kkryy.itch.io/streetfurniture
2026-09-27 03:17:36,Trees psx,Unreal Engine Compatible,https://elbolilloduro.itch.io/trees-psx
2026-09-27 03:17:36,Voxel RPG Characters And Weapons - monogon,Unreal Engine Compatible,https://maxparata.itch.io/monogon-dungeonheroes
2026-09-27 03:17:36,Pizzeria_PSX,Unreal Engine Compatible,https://elbolilloduro.itch.io/pizzeria-psx
2026-09-27 03:17:36,Voxel House Interior - monogon,Unreal Engine Compatible,https://maxparata.itch.io/voxelinterior
2026-09-27 03:17:36,6TWELVE,Unreal Engine Compatible,https://elbolilloduro.itch.io/6twelve
2026-09-27 03:17:36,Human Basic Motions FREE,Unreal Engine Compatible,https://kevdev.itch.io/basic-motions-free
2026-09-27 03:17:36,DINER,Unreal Engine Compatible,https://elbolilloduro.itch.io/diner
2026-09-27 03:17:36,🎨Free Stylized Textures🎨,Unreal Engine Compatible,https://kalponic-studio.itch.io/free-stylized-textures
2026-09-27 03:17:36,Voxel Zombie Apocalypse - monogon,Unreal Engine Compatible,https://maxparata.itch.io/voxelzombieapocalypse
2026-09-27 03:17:36,Retro House Pack,Unreal Engine Compatible,https://elegantcrow.itch.io/retro-house-pack
2026-09-27 03:17:36,Tacos,Unreal Engine Compatible,https://elbolilloduro.itch.io/tacos
2026-09-27 03:17:36,Animals Asset Pack,Unreal Engine Compatible,https://styloo.itch.io/animals
2026-09-27 03:17:36,Laundry,Unreal Engine Compatible,https://elbolilloduro.itch.io/laundry
2026-09-27 03:17:36,Voxel Environment : Shopping Mall Asset,Unreal Engine Compatible,https://maxparata.itch.io/voxelshop
2026-09-27 03:17:36,Voxel Nuclear Survival - monogon,Unreal Engine Compatible,https://maxparata.itch.io/nuclearsurvival
2026-09-27 03:17:36,Bus stop,Unreal Engine Compatible,https://elbolilloduro.itch.io/bus-stop
2026-09-27 03:17:36,FREE Low Poly Weapons Pack,Unreal Engine Compatible,https://delthor-games.itch.io/gun-pack
2026-09-27 03:17:36,COZY FARM,Unreal Engine Compatible,https://styloo.itch.io/farm
2026-09-27 03:17:36,Survival PSX,Unreal Engine Compatible,https://elbolilloduro.itch.io/survival-psx
2026-09-27 03:17:36,Mine,Unreal Engine Compatible,https://elbolilloduro.itch.io/mine
2026-09-27 03:17:36,Mari Character,Unreal Engine Compatible,https://styloo.itch.io/mari
2026-09-27 03:17:36,[BGM] Minigame Music Pack,Unreal Engine Compatible,https://jdsherbert.itch.io/minigame-music-pack
2026-09-27 03:17:36,Isometric Space Colony - monogon,Unreal Engine Compatible,https://maxparata.itch.io/isometricspace-monogon
2026-09-27 03:17:36,SC: Animation - Essentials,Unreal Engine Compatible,https://seraphcircle.itch.io/sc-anime-essentials
2026-09-27 03:17:36,Voxel Cyberpunk Characters - monogon,Unreal Engine Compatible,https://maxparata.itch.io/cyberpunkcharacters
2026-09-27 03:17:36,Halloween,Unreal Engine Compatible,https://elbolilloduro.itch.io/halloween
2026-09-27 03:17:36,Voxel Apocalypse : Zombies,Unreal Engine Compatible,https://maxparata.itch.io/voxel-zombies
2026-09-27 03:17:36,[BGM] Nostalgia Music Pack,Unreal Engine Compatible,https://jdsherbert.itch.io/nostalgia-music-pack
2026-09-27 03:17:36,Medieval Voxel Assets,Unreal Engine Compatible,https://felixstrefter.itch.io/medieval-voxel-assets
2026-09-27 03:17:36,Voxel Guns n Riffles - monogon,Unreal Engine Compatible,https://maxparata.itch.io/voxel-guns-n-riffles-monogon
2026-09-27 03:17:36,Highlands - Fantasy 3D Buildings Pack,Unreal Engine Compatible,https://visionsmind.itch.io/highlands-fantasy-pack-3d
2026-09-27 03:17:36,Trash and Debris,Unreal Engine Compatible,https://mcsteeg.itch.io/trash-and-debris
2026-09-27 03:17:36,Space Spheremaps,Unreal Engine Compatible,https://space-spheremaps.itch.io/space-spheremaps
2026-09-27 03:17:36,Retro Modular House Pack,Unreal Engine Compatible,https://elegantcrow.itch.io/retro-modular-house-pack
2026-09-27 03:17:36,Stylized Grass & Dirt,Unreal Engine Compatible,https://juliovii.itch.io/ftpgrass-dirt
2026-09-27 03:17:36,"""Slender Man"" Character Model",Unreal Engine Compatible,https://nsmmrs.itch.io/slender-man-character-model
2026-09-27 03:17:36,BurgerPiz,Unreal Engine Compatible,https://elbolilloduro.itch.io/burgerpiz
2026-09-27 03:17:36,Village Asset Pack,Unreal Engine Compatible,https://styloo.itch.io/vil
2026-09-27 03:17:36,Voxel Horror Movie Characters - monogon,Unreal Engine Compatible,https://maxparata.itch.io/horrormovie-monogon
2026-09-27 03:17:36,Roads modural,Unreal Engine Compatible,https://elbolilloduro.itch.io/roads-procedural
2026-09-27 03:17:36,Food & Kitchen Props,Unreal Engine Compatible,https://styloo.itch.io/food
2026-09-27 03:17:36,Low Poly Forest Pack,Unreal Engine Compatible,https://devilsworkshop.itch.io/lowpoly-forest-pack
2026-09-27 03:17:36,Exploration objects,Unreal Engine Compatible,https://elbolilloduro.itch.io/exploration-objects
2026-09-27 03:17:36,Vegetation,Unreal Engine Compatible,https://elbolilloduro.itch.io/vegetation
2026-09-27 03:17:36,Isometric Dark Souls Gothic - monogon,Unreal Engine Compatible,https://maxparata.itch.io/isometricdarksouls-monogon
2026-09-27 03:17:36,Christmas,Unreal Engine Compatible,https://elbolilloduro.itch.io/christmas
2026-09-27 03:17:36,Low Poly Cars,Unreal Engine Compatible,https://devilsworkshop.itch.io/3d-low-poly-car-game-asset-pack-vehicles-free
2026-09-27 03:17:36,CHICKEN ESCAPE ASSET PACK,Unreal Engine Compatible,https://styloo.itch.io/chicken
2026-09-27 03:17:36,[SFX] FirearmFX : Desert Eagle .50 Sound Effect Pack,Unreal Engine Compatible,https://jdsherbert.itch.io/desert-eagle-sfx-pack
2026-09-27 03:17:36,Retro Modular Hedge Maze,Unreal Engine Compatible,https://elegantcrow.itch.io/retro-modular-hedge-maze
2026-09-27 03:17:36,Low Poly Car,Unreal Engine Compatible,https://styloo.itch.io/car
2026-09-27 03:17:36,Simple scooter Asset,Unreal Engine Compatible,https://styloo.itch.io/scooter
2026-09-27 03:17:36,[SFX] FirearmFX : Walther P38 Sound Effect Pack,Unreal Engine Compatible,https://jdsherbert.itch.io/walther-p38-sfx-pack
2026-09-27 03:17:36,100 Stylized Wall Textures,Unreal Engine Compatible,https://kalponic-studio.itch.io/stylized-wall-textures
2026-09-27 03:17:36,Pixel Gore UI,Unreal Engine Compatible,https://maxparata.itch.io/goreui
2026-09-27 03:17:36,Kobold Robold VRC/Blender,Unreal Engine Compatible,https://soi.itch.io/koboldrobold
2026-09-27 03:17:36,Dungeon Asset Pack,Unreal Engine Compatible,https://styloo.itch.io/dungeon-asset-pack
2026-09-27 03:17:36,Isometric Pirates and Ships - monogon,Unreal Engine Compatible,https://maxparata.itch.io/isometricpirates-monogon
2026-09-27 03:17:36,Free Low Poly Vehicles Pack,Unreal Engine Compatible,https://rgsdev.itch.io/free-low-poly-vehicles-pack
2026-09-27 03:17:36,Robot character,Unreal Engine Compatible,https://styloo.itch.io/robot-character
2026-09-27 03:17:36,Low Poly Medieval Weapons,Unreal Engine Compatible,https://lowpolyassets.itch.io/low-poly-medieval-weapons
2026-09-27 03:17:36,Tank & War Tactic Assets,Unreal Engine Compatible,https://maxparata.itch.io/tank-tactic
2026-09-27 03:17:36,UE4 - Luos's Free Rocks & Caves,Unreal Engine Compatible,https://luos.itch.io/freecaves
2026-09-27 03:17:36,Texture Pack: Scifi 01,Unreal Engine Compatible,https://juliovii.itch.io/scifipk01
2026-09-27 03:17:36,No Nonsense Grey-box Textures,Unreal Engine Compatible,https://bluwhitebear.itch.io/no-nonsense-grey-box-textures
2026-09-27 03:17:36,Low Poly Wild West Environment Pack,Unreal Engine Compatible,https://lowpolyassets.itch.io/low-poly-wild-west
2026-09-27 03:17:36,Quequis House,Unreal Engine Compatible,https://elbolilloduro.itch.io/quequis-house
2026-09-27 03:17:36,Wood Furnitures,Unreal Engine Compatible,https://loafbrr.itch.io/wood-furnitures
2026-09-27 03:17:36,50 Free Terrain Heightmaps for Unreal Engine + Tutorial,Unreal Engine Compatible,https://gamedevgary.itch.io/50-free-terrain-heightmaps
2026-09-27 03:17:36,Retro furniture set with dithering,Unreal Engine Compatible,https://chikievna.itch.io/retro-furniture-set-with-dithering
2026-09-27 03:17:36,Retro Skyscraper Pack,Unreal Engine Compatible,https://elegantcrow.itch.io/retro-skyscraper-pack
2026-09-27 03:17:36,"FREE Super Input Prompt Icon Pack for PC & Console Games– Compatible with Unreal Engine, Unity & Godot",Unreal Engine Compatible,https://juliocacko.itch.io/free-super-input-prompt-pack-icons-unreal-unity-godot
2026-09-27 03:17:36,Game - UI - Assets,Unreal Engine Compatible,https://starcom.itch.io/casual-ui
2026-09-27 03:17:36,3D Food Asset Pack,Unreal Engine Compatible,https://styloo.itch.io/3dfood
2026-09-27 03:17:36,Texture Pack: Tech 01,Unreal Engine Compatible,https://juliovii.itch.io/techpk01
2026-09-27 03:17:36,Voxel RPG Weapons,Unreal Engine Compatible,https://j8chi.itch.io/voxel-rpg-weapons
2026-09-27 03:17:36,Low Poly Construction Pack,Unreal Engine Compatible,https://lowpolyassets.itch.io/low-poly-construction-pack
2026-09-27 03:17:36,3D Low Poly Potions and Flasks (3 Color variations),Unreal Engine Compatible,https://gualtierisgg.itch.io/3d-low-poly-potions-and-flasks
2026-09-27 03:17:36,Assault Rifle Mark1 (CC0),Unreal Engine Compatible,https://verzatiledev.itch.io/assault-rifle
2026-09-27 03:17:36,[3D] Dice Asset Pack,Unreal Engine Compatible,https://jdsherbert.itch.io/3d-dice-pack
2026-09-27 03:17:36,Retro Rigged Bigfoot,Unreal Engine Compatible,https://elegantcrow.itch.io/retro-rigged-bigfoot
2026-09-27 03:17:36,Texture Pack: Skin 01,Unreal Engine Compatible,https://juliovii.itch.io/skinpk01
2026-09-27 03:17:36,Houses on the water,Unreal Engine Compatible,https://elbolilloduro.itch.io/houses-on-the-water
2026-09-27 03:17:36,Unreal Editor Discord Rich Presence Plugin for Unreal Editor,Unreal Engine Compatible,https://dn2.itch.io/editor-discord-rich-presence
2026-09-27 03:17:36,StandardAnimationFBX,Unreal Engine Compatible,https://hydrav.itch.io/standardanimationfbx
2026-09-27 03:17:36,Templar Knight,Unreal Engine Compatible,https://imachina.itch.io/templarknight
2026-09-27 03:17:36,Horror Player Item Pack,Unreal Engine Compatible,https://3dexter.itch.io/retrohorrorkit
2026-09-27 03:17:36,Low Poly Weapons Pack V.1,Unreal Engine Compatible,https://zsky2000.itch.io/low-poly-weapons-pack-v1
2026-09-27 03:17:36,Texture Pack: Photoscaned 01,Unreal Engine Compatible,https://juliovii.itch.io/pspk01
2026-09-27 03:17:36,Suspicious Car - PSX Style Car,Unreal Engine Compatible,https://moi0210.itch.io/a-suspicious-car-for-your-projects
2026-09-27 03:17:36,[MAT] PBR Materials Pack,Unreal Engine Compatible,https://jdsherbert.itch.io/pbr-materials-pack-free
2026-09-27 03:17:36,SCI-FI SpaceShip (CC0),Unreal Engine Compatible,https://verzatiledev.itch.io/sci-fi-spaceship
2026-09-27 03:17:36,"Low Poly RPG Bundle (Gold, Gems etc.) Part 1",Unreal Engine Compatible,https://gualtierisgg.itch.io/low-poly-mini-rpg-bundle-gold-gems-etc
2026-09-27 03:17:36,Free Kitchen Asset Pack,Unreal Engine Compatible,https://styloo.itch.io/kitchen
2026-09-27 03:17:36,3d weapons Asset pack,Unreal Engine Compatible,https://styloo.itch.io/3d-weapons-asset-pack
2026-09-27 03:17:36,Painterly Sky Background,Unreal Engine Compatible,https://kalponic-studio.itch.io/painterly-sky-background
2026-09-27 03:17:36,80 Stylized Wood Textures,Unreal Engine Compatible,https://kalponic-studio.itch.io/80-stylized-vegetation-textures
2026-09-27 03:17:36,Low Poly Military Base Pack 3D,Unreal Engine Compatible,https://zsky2000.itch.io/military-base-pack
2026-09-27 03:17:36,Texture Pack: Dirt Ground 01,Unreal Engine Compatible,https://juliovii.itch.io/ftp-dirt-ground
2026-09-27 03:17:36,Texture Pack: Stylized 02,Unreal Engine Compatible,https://juliovii.itch.io/stylizedpk02
2026-09-27 03:17:36,Low Poly RPG Bundle - Modular Dungeon - Part 3,Unreal Engine Compatible,https://gualtierisgg.itch.io/low-poly-rpg-bundle-modular-dungeon-part-3
2026-09-27 03:17:36,Voxel Nuclear Bunker - monogon,Unreal Engine Compatible,https://maxparata.itch.io/voxelnuclearbunker
2026-09-27 03:17:36,PSX Snowy Nature Asset Collection (by Stark Crafts),Unreal Engine Compatible,https://starkcrafts.itch.io/psx-snowynature
2026-09-27 03:17:36,3D Foods for Games,Unreal Engine Compatible,https://vikingtabern.itch.io/3d-foods-for-games
2026-09-27 03:17:36,Human Spellcasting Animations FREE,Unreal Engine Compatible,https://kevdev.itch.io/human-spellcasting-animations-free
2026-09-27 03:17:36,3D Low Poly Windmill!,Unreal Engine Compatible,https://gualtierisgg.itch.io/3d-low-poly-windmill
2026-09-27 03:17:36,Synthesized Vehicle Audio,Unreal Engine Compatible,https://jreo.itch.io/jreo-sva
2026-09-27 03:17:36,Arboles,Unreal Engine Compatible,https://elbolilloduro.itch.io/arboles
2026-09-27 03:17:36,Retro PSX Style Mansion Assets - Demo,Unreal Engine Compatible,https://porkbellyassets.itch.io/retro-mansion-assets-demo
2026-09-27 03:17:36,Pixel Hero Maker,Unreal Engine Compatible,https://hippogames.itch.io/pixel-hero-maker
2026-09-27 03:17:36,Voxel Cyberpunk Buildings - monogon,Unreal Engine Compatible,https://maxparata.itch.io/voxelcyberpunkbuildings
2026-09-27 03:17:36,M8's Stylized Shooter Kit (UE),Unreal Engine Compatible,https://m8-workshop.itch.io/m8s-stylized-shooter-kit
2026-09-27 03:17:36,Free Chairs & Tables PSX Asset Pack,Unreal Engine Compatible,https://apfelgarten.itch.io/chairs-tables-psx-asset-pack
2026-09-27 03:17:36,Texture Pack: Stylized 01,Unreal Engine Compatible,https://juliovii.itch.io/stylizedpk01
2026-09-27 03:17:36,Materials Stylized Ceramic Tiles 01,Unreal Engine Compatible,https://juliovii.itch.io/ftp-stylizedceramictiles01
2026-09-27 03:17:36,Tiny Plane Asset Pack,Unreal Engine Compatible,https://styloo.itch.io/plane
2026-09-27 03:17:36,Free Low Poly Trees & Forest Nature Pack for Godot / Unity / Unreal,Unreal Engine Compatible,https://hooray4brains.itch.io/free-forest-nature-pack
2026-09-27 03:17:36,Human Archer Animations FREE,Unreal Engine Compatible,https://kevdev.itch.io/human-archer-animations-free
2026-09-27 03:17:36,FREE Pills Collection - PBR Tablets and Capsules,Unreal Engine Compatible,https://void1gaming.itch.io/free-pills-collection-pbr-tablets-and-capsules
2026-09-27 03:17:36,Texture Pack: Wood 01 Variations,Unreal Engine Compatible,https://juliovii.itch.io/woodpkvar01
2026-09-27 03:17:36,Rounded UI Kit,Unreal Engine Compatible,https://verzatiledev.itch.io/rounded-ui-kit
2026-09-27 03:17:36,220 Stylized Ground Textures,Unreal Engine Compatible,https://kalponic-studio.itch.io/stylized-ground-textures
2026-09-27 03:17:36,Texture Pack: Metallic Grids & Tiles,Unreal Engine Compatible,https://juliovii.itch.io/ftp-metallic-grids-tiles
2026-09-27 03:17:36,Comic-Verza-Sans Font (CCO),Unreal Engine Compatible,https://verzatiledev.itch.io/comic-verza-sans
2026-09-27 03:17:36,Pixelart Starfields,Unreal Engine Compatible,https://space-spheremaps.itch.io/pixelart-starfields
2026-09-27 03:17:36,Texture Pack: Paper 01,Unreal Engine Compatible,https://juliovii.itch.io/paperpk01
2026-09-27 03:17:36,Voxel Virgin Island - monogon,Unreal Engine Compatible,https://maxparata.itch.io/virginisland
2026-09-27 03:17:36,Materials Carved Stone,Unreal Engine Compatible,https://juliovii.itch.io/materials-carved-stone
2026-09-27 03:17:36,Texture Pack: Asphalt 01,Unreal Engine Compatible,https://juliovii.itch.io/ftp-asphalt-01
2026-09-27 03:17:36,CC0 LowPoly Packs,Unreal Engine Compatible,https://jeancharpentier.itch.io/cc0-lowpoly-pack
2026-09-27 03:17:36,Texture Pack: Stone and Bricks 01,Unreal Engine Compatible,https://juliovii.itch.io/stoneandbrickspk01
2026-09-27 03:17:36,Texture Pack: Stone Tiles,Unreal Engine Compatible,https://juliovii.itch.io/ftp-stone-tiles
2026-09-27 03:17:36,NINJA CHARACTER,Unreal Engine Compatible,https://styloo.itch.io/ninja
2026-09-27 03:17:36,3D Low Poly Food Assets,Unreal Engine Compatible,https://gualtierisgg.itch.io/low-poly-food
2026-09-27 03:17:36,Low Poly Guns,Unreal Engine Compatible,https://lowpolyassets.itch.io/low-poly-guns
2026-09-27 03:17:36,Materials Stone Floors,Unreal Engine Compatible,https://juliovii.itch.io/materials-stone-floors
2026-09-27 03:17:36,Vintage Log Cabin,Unreal Engine Compatible,https://elegantcrow.itch.io/retro-log-cabin
2026-09-27 03:17:36,PSX Starter Kit,Unreal Engine Compatible,https://dysfunctional-games.itch.io/psx-starter-kit
2026-09-27 03:17:36,PSX Industrial Area Pack,Unreal Engine Compatible,https://bowley3d.itch.io/psx-industrial-area-pack
2026-09-27 03:17:36,Mobile UI Buttons Pack,Unreal Engine Compatible,https://qog-studio.itch.io/mobile-ui-buttons-pack
2026-09-27 03:17:36,200 Stylized Mixed Textures,Unreal Engine Compatible,https://kalponic-studio.itch.io/200-stylized-mixed-textures
2026-09-27 03:17:36,Underwater Assets 12-pack for Unreal and Unity,Unreal Engine Compatible,https://wadud.itch.io/underwaterassets
2026-09-27 03:17:36,Free 3D Assets Collection,Unreal Engine Compatible,https://void1gaming.itch.io/free-3d-assets-collection
2026-09-27 03:17:36,Low Poly FPS Weapons Pack Lite,Unreal Engine Compatible,https://justcreate3d.itch.io/low-poly-fps-weapons-pack-lite
2026-09-27 03:17:36,The Gentlegear Gamepad Fonts,Unreal Engine Compatible,https://esquiredevmark.itch.io/generic-gamepad-font
2026-09-27 03:17:36,"Free UE4 Idle, Sit and Pose Animations",Unreal Engine Compatible,https://jinvira.itch.io/idle-sit-and-pose-animations
2026-09-27 03:17:36,Horror Game Floor Generator,Unreal Engine Compatible,https://berkgedik.itch.io/horror-game-floor-generator
2026-09-27 03:17:36,Texture Pack: Wood 01,Unreal Engine Compatible,https://juliovii.itch.io/woodpk01
2026-09-27 03:17:36,The Chengdu Metro Station,Unreal Engine Compatible,https://kristelkonstantinova.itch.io/the-chengdu-metro-station
2026-09-27 03:17:36,FREE Background Music for Visual Novels vol.1,Unreal Engine Compatible,https://d-wheat-music.itch.io/free-background-music-for-dating-sim-vol1
2026-09-27 03:17:36,Healing & Medical Item Pack,Unreal Engine Compatible,https://3dexter.itch.io/retro-health-healing-essential-items-pack
2026-09-27 03:17:36,LOWPO: Base Character – Low Poly Rigged 3D Model,Unreal Engine Compatible,https://standout7.itch.io/lowpo-base
2026-09-27 03:17:36,Industrial Cyberpunk 3D Tilepack,Unreal Engine Compatible,https://slipperhat.itch.io/industrial-cyberpunk-3d-tilepack
2026-09-27 03:17:36,Texture Pack: Food 01,Unreal Engine Compatible,https://juliovii.itch.io/foodpk01
2026-09-27 03:17:36,Texture Pack: Facades,Unreal Engine Compatible,https://juliovii.itch.io/facadespk02
2026-09-27 03:17:36,Chad - Rigged with PBR Textures,Unreal Engine Compatible,https://oudarya.itch.io/chad
2026-09-27 03:17:36,Visual Novel OST Starter Pack [ROYALTY-FREE],Unreal Engine Compatible,https://arrowsmorgan.itch.io/visual-novel-ost-starter-pack
2026-09-27 03:17:36,Texture Pack: Plastic 01,Unreal Engine Compatible,https://juliovii.itch.io/plasticpk01
2026-09-27 03:17:36,Barriers Retro PSX - Free Asset Pack,Unreal Engine Compatible,https://gataki.itch.io/barriers-retro-free-asset-pack
2026-09-27 03:17:36,3D Platformer Character [Free],Unreal Engine Compatible,https://yahyadanboos.itch.io/3d-platformer-character
2026-09-27 03:17:36,Backrooms,Unreal Engine Compatible,https://elbolilloduro.itch.io/bacx
2026-09-27 03:17:36,Diablo / Path of Exile inspired UI Starter kit for Unreal Engine 5,Unreal Engine Compatible,https://rainstorygames.itch.io/diablo-path-of-exile-inspired-ui-starter-kit
2026-09-27 03:17:36,Yellow Taxi/Cab - PSX Style Car,Unreal Engine Compatible,https://moi0210.itch.io/yellow-taxicab-ps1-style
2026-09-27 03:17:36,Cyber City Backgrounds,Unreal Engine Compatible,https://pvgames.itch.io/cyber-city-backgrounds
2026-09-27 03:17:36,Texture Pack: Wood 02,Unreal Engine Compatible,https://juliovii.itch.io/woodpk02
2026-09-27 03:17:36,Low Poly Buildings (Multiple Colors and Variations!),Unreal Engine Compatible,https://gualtierisgg.itch.io/low-poly-buildings
2026-09-27 03:17:36,Hazmat Character,Unreal Engine Compatible,https://mcsteeg.itch.io/hazmat-character
2026-09-27 03:17:36,Materials Stylized Bricks & Plaster,Unreal Engine Compatible,https://juliovii.itch.io/ftp-stylized-bricks-plaster
2026-09-27 03:17:36,"Free Low Poly Car, 3 body kits, 4 rims...",Unreal Engine Compatible,https://icemaan.itch.io/free-low-poly-car2-3-body-kits-4-rims
2026-09-27 03:17:36,🖼️Painterly Textures Vol. 2,Unreal Engine Compatible,https://kalponic-studio.itch.io/painterly-textures-vol-2
2026-09-27 03:17:36,Unreal Engine 4 Stylized Environment,Unreal Engine Compatible,https://loota9.itch.io/stylized-environment
2026-09-27 03:17:36,Ultimate Retro PSX Tree Pack,Unreal Engine Compatible,https://elegantcrow.itch.io/ultimate-retro-psx-tree-pack
2026-09-27 03:17:36,Sci-Fi Museum Asset Pack,Unreal Engine Compatible,https://group5museum.itch.io/sci-fi-museum-pack-ue4
2026-09-27 03:17:36,Dwarf Basic Motions FREE,Unreal Engine Compatible,https://kevdev.itch.io/dwarf-basic-motions-free
2026-09-27 03:17:36,Air Conditioner Low Poly,Unreal Engine Compatible,https://keysrec.itch.io/air-conditioner-low-poly
2026-09-27 03:17:36,Texture Pack: Tiles 01,Unreal Engine Compatible,https://juliovii.itch.io/tilespk01
2026-09-27 03:17:36,Wyn Lightfoot,Unreal Engine Compatible,https://kurumaya-gransoren.itch.io/wyn-lightfoot
2026-09-27 03:17:36,[3D] Shapes Asset Pack,Unreal Engine Compatible,https://jdsherbert.itch.io/3d-shapes-pack
2026-09-27 03:17:36,Animals low-poly,Unreal Engine Compatible,https://elbolilloduro.itch.io/animals-low-poly
2026-09-27 03:17:36,Cobra Robot 4k Character Asset,Unreal Engine Compatible,https://dartrak.itch.io/cobra-robot
2026-09-27 03:17:36,Low-Poly City Pack – Modular Town & Buildings Collection,Unreal Engine Compatible,https://neonmesh.itch.io/low-poly-city-pack-modular-town-buildings-collection
2026-09-27 03:17:36,Free Animated Cartoon Low-Poly Chest Asset Kit,Unreal Engine Compatible,https://overactiongames.itch.io/animated-cartoon-free-low-poly-chest-kit
2026-09-27 03:17:36,"Free Low Poly Car, 3 body kits, 4 rims",Unreal Engine Compatible,https://icemaan.itch.io/free-low-poly-car3-3-body-kits-4-rims
2026-09-27 03:17:36,Dungeon Voxel Assets,Unreal Engine Compatible,https://felixstrefter.itch.io/dungeon-voxel-assets
2026-09-27 03:17:36,Texture Pack: Tree Bark 01,Unreal Engine Compatible,https://juliovii.itch.io/ftp-tree-bark-01
2026-09-27 03:17:36,Smooth Pixel Perfect Camera,Unreal Engine Compatible,https://lordkevep.itch.io/smooth-pixel-perfect-camera
2026-09-27 03:17:36,Free Model - Sam [FBX/TSCN/MHM],Unreal Engine Compatible,https://frontlinestudios.itch.io/asset-sam
2026-09-27 03:17:36,Low Poly RPG Bundle (Low Poly Furniture) Part 2,Unreal Engine Compatible,https://gualtierisgg.itch.io/low-poly-rpg-bundle-low-poly-furniture-part-2
2026-09-27 03:17:36,FREE Background Music for Visual Novels vol.3,Unreal Engine Compatible,https://d-wheat-music.itch.io/free-background-music-for-visual-novels-vol3
2026-09-27 03:17:36,"Free Low Poly Car, 3 body kits, 4 rims...",Unreal Engine Compatible,https://icemaan.itch.io/free-low-poly-car-3-body-kits-4-rims
2026-09-27 03:17:36,Free 3D Megaphones Collection,Unreal Engine Compatible,https://void1gaming.itch.io/free-3d-megaphones-collection
2026-09-27 03:17:36,Free Tileset Pack,Unreal Engine Compatible,https://pulkitverma.itch.io/free-tileset-pack
2026-09-27 03:17:36,Texture Pack: Bricks & Wood,Unreal Engine Compatible,https://juliovii.itch.io/ftp-metal-grids
2026-09-27 03:17:36,Tiny Games Asset Pack,Unreal Engine Compatible,https://styloo.itch.io/tinygames
2026-09-27 03:17:36,UE4 dither post-process,Unreal Engine Compatible,https://void-pepsi.itch.io/ue4-dither
2026-09-27 03:17:36,60 Stylized Vegetation Textures,Unreal Engine Compatible,https://kalponic-studio.itch.io/60-stylized-vegetation-textures
2026-09-27 03:17:36,Materials Bricks & Walls,Unreal Engine Compatible,https://juliovii.itch.io/materials-bricks-walls
2026-09-27 03:17:36,Texture Pack: Tiles 02,Unreal Engine Compatible,https://juliovii.itch.io/tilespk02
2026-09-27 03:17:36,Rundown Laboratory,Unreal Engine Compatible,https://jack-cowbell.itch.io/lab
2026-09-27 03:17:36,"LOWPO : Undead Low poly Character Pack (FBX, GLTF, BLEND, OBJ)",Unreal Engine Compatible,https://standout7.itch.io/lowpo-undead
2026-09-27 03:17:36,Texture Pack: Metal 01,Unreal Engine Compatible,https://juliovii.itch.io/metalpk01
2026-09-27 03:17:36,PSX Farm Tools,Unreal Engine Compatible,https://mcsteeg.itch.io/psx-farm-tools
2026-09-27 03:17:36,GAME READY KEYS ASSET PACK,Unreal Engine Compatible,https://oxygen3d.itch.io/game-ready-keys-asset-pack
2026-09-27 03:17:36,[PACK] 3D Base Character Mesh,Unreal Engine Compatible,https://aethercode.itch.io/pack-3d-base-character-mesh
2026-09-27 03:17:36,Stylized Stone & Wood  02,Unreal Engine Compatible,https://juliovii.itch.io/ftp-stone-wood-02
2026-09-27 03:17:36,Low Poly Melee Weapon Pack - Stylized Game Ready,Unreal Engine Compatible,https://eluki.itch.io/low-poly-weapon-pack-stylized-game-ready
2026-09-27 03:17:36,90's Retro Office Pack,Unreal Engine Compatible,https://crazydrpants.itch.io/90s-retro-office-pack
2026-09-27 03:17:36,Texture Pack: Mix Pack 07,Unreal Engine Compatible,https://juliovii.itch.io/ftp-mix-pack-07
2026-09-27 03:17:36,Fast Food Essentials,Unreal Engine Compatible,https://cloudycreates.itch.io/fast-food-essentials
2026-09-27 03:17:36,Demons Character Viewer and Asset Pack,Unreal Engine Compatible,https://mhark-cudal.itch.io/demons
2026-09-27 03:17:36,Retro PSX Style Shipyard Kit,Unreal Engine Compatible,https://luriddream.itch.io/retro-psx-style-shipyard-kit
2026-09-27 03:17:36,Gaming Room,Unreal Engine Compatible,https://voxelbytebot.itch.io/voxel-gaming-room-furniture
2026-09-27 03:17:36,Rain Forest SFX,Unreal Engine Compatible,https://flaming-vision.itch.io/rain-forest-sfx
2026-09-27 03:17:36,Stylized Bricks & Pavement,Unreal Engine Compatible,https://juliovii.itch.io/ftp-bricks-pavement
2026-09-27 03:17:36,3D Modular Low Poly Assets Pack,Unreal Engine Compatible,https://deracro.itch.io/3d-modular-low-poly-assets-pack
2026-09-27 03:17:36,Low Poly Mannequin,Unreal Engine Compatible,https://arcorcao.itch.io/low-poly-mannequin
2026-09-27 03:17:36,Low Poly Male And Female Models,Unreal Engine Compatible,https://damindudesilva1gmailcom.itch.io/low-poly-male-and-female-models-free-low-poly-3d-model
2026-09-27 03:17:36,Beach Props Pack,Unreal Engine Compatible,https://elegantcrow.itch.io/beach-props-pack
2026-09-27 03:17:36,Vegetable Stall,Unreal Engine Compatible,https://toastycatstudios.itch.io/vegetable-stall
2026-09-27 03:17:36,TRAPPED,Unreal Engine Compatible,https://milandelaet.itch.io/trapped
2026-09-27 03:17:36,[3D] Rubber Duck Asset Pack,Unreal Engine Compatible,https://jdsherbert.itch.io/3d-rubber-duck-pack
2026-09-27 03:17:36,Dark Ambient Music Pack // Tiny Pack,Unreal Engine Compatible,https://richarrest.itch.io/distant-screams-dark-ambient-music-pack-tiny-pack
2026-09-27 03:17:36,Texture Pack: Medieval Tiles 01,Unreal Engine Compatible,https://juliovii.itch.io/ftp-medieval-tiles-01
2026-09-27 03:17:36,Face Expression (CC0),Unreal Engine Compatible,https://verzatiledev.itch.io/face-expression
2026-09-27 03:17:36,Playground Asset Pack,Unreal Engine Compatible,https://siennafay33.itch.io/playground-asset-pack
2026-09-27 03:17:36,Materials Stylized Concrete,Unreal Engine Compatible,https://juliovii.itch.io/fmp-stylized-concrete
2026-09-27 03:17:36,Dialogue System - UE (Unreal Engine) - Free Version,Unreal Engine Compatible,https://danionova.itch.io/freeversiondialoguesystem
2026-09-27 03:17:36,Texture Pack: Fabric 02,Unreal Engine Compatible,https://juliovii.itch.io/ftp-fabric-02
2026-09-27 03:17:36,Cartoon Tropical Nature Pack,Unreal Engine Compatible,https://elegantcrow.itch.io/cartoon-tropical-nature-pack
2026-09-27 03:17:36,Stylized Bricks 01,Unreal Engine Compatible,https://juliovii.itch.io/ftpstylized-bricks-01
2026-09-27 03:17:36,Doomsday: Backgrounds,Unreal Engine Compatible,https://pvgames.itch.io/doomsday-backgrounds
2026-09-27 03:17:36,A Bunch of Archery (CC0),Unreal Engine Compatible,https://verzatiledev.itch.io/archery
2026-09-27 03:17:36,Free Covered Car 3D Model Collection,Unreal Engine Compatible,https://void1gaming.itch.io/free-covered-car-3d-model-collection
2026-09-27 03:17:36,Texture Pack: Scifi 02,Unreal Engine Compatible,https://juliovii.itch.io/ftp-scifi-02
2026-09-27 03:17:36,PSX Weapon: Knives A,Unreal Engine Compatible,https://archive94.itch.io/psx-knives-a
2026-09-27 03:17:36,PSX PS1 Alcohol Bottles Low Poly - Free Asset Pack!,Unreal Engine Compatible,https://stay-retro.itch.io/psx-ps1-alcohol-bottles-low-poly-asset-pack
2026-09-27 03:17:36,BackRoom,Unreal Engine Compatible,https://mecanes-assets.itch.io/backroom
